0;4
0.001;3.999999989805864
0.002;3.999999918469745
0.003;3.999999724912622
0.004;3.99999934812453
0.005;3.999998727164957
0.006;3.999997801163253
0.007;3.999996509319026
0.008;3.99999479090255
0.009000000000000001;3.999992585255163
0.01;3.99998983178967
0.011;3.999986469990748
0.012;3.999982439415346
0.013;3.999977679693091
0.014;3.999972130526682
0.015;3.999965731692304
0.016;3.999958423040019
0.017;3.999950144494179
0.018;3.99994083605382
0.019;3.999930437793068
0.02;3.999918889861541
0.021;3.999906132484752
0.022;3.999892105964511
0.023;3.999876750679324
0.024;3.999860007084804
0.025;3.999841815714064
0.026;3.999822117178124
0.027;3.999800852166313
0.028;3.999777961446672
0.029;3.999753385866354
0.03;3.999727066352029
0.031;3.999698943910285
0.032;3.999668959628031
0.033;3.999637054672897
0.034;3.999603170293643
0.035;3.999567247820552
0.036;3.999529228665839
0.037;3.999489054324055
0.038;3.99944666637248
0.039;3.999402006471536
0.04;3.999355016365183
0.041;3.999305637881323
0.042;3.999253812932205
0.043;3.999199483514822
0.044;3.999142591711318
0.045;3.999083079689389
0.046;3.999020889702684
0.047;3.998955964091209
0.048;3.998888245281731
0.049;3.998817675788175
0.05;3.998744198212032
0.051;3.99866775524276
0.052;3.998588289658182
0.053;3.998505744324896
0.054;3.99842006219867
0.055;3.998331186324851
0.056;3.998239059838761
0.057;3.998143625966105
0.058;3.998044828023369
0.059;3.997942609418226
0.06;3.997836913649935
0.061;3.997727684309747
0.062;3.997614865081305
0.063;3.997498399741044
0.064;3.997378232158602
0.065;3.997254306297211
0.066;3.997126566214109
0.067;3.996994956060936
0.068;3.996859420084139
0.06900000000000001;3.996719902625377
0.07000000000000001;3.996576348121918
0.07100000000000001;3.996428701107045
0.07200000000000001;3.996276906210456
0.073;3.99612090815867
0.074;3.995960651775427
0.075;3.995796081982088
0.076;3.995627143798043
0.077;3.99545378234111
0.078;3.995275942827936
0.079;3.995093570574402
0.08;3.994906610996025
0.081;3.994715009608361
0.082;3.994518712027404
0.083;3.994317663969993
0.08400000000000001;3.994111811254211
0.08500000000000001;3.993901099799787
0.08600000000000001;3.993685475628503
0.08700000000000001;3.993464884864593
0.08799999999999999;3.993239273735142
0.089;3.993008588570497
0.09;3.992772775804661
0.091;3.992531781975702
0.092;3.992285553726149
0.093;3.992034037803399
0.094;3.99177718106012
0.095;3.991514930454648
0.096;3.991247233051396
0.097;3.990974036021252
0.098;3.990695286641982
0.099;3.990410932298633
0.1;3.990120920483938
0.101;3.989825198798713
0.102;3.989523714952263
0.103;3.989216416762784
0.104;3.988903252157765
0.105;3.988584169174391
0.106;3.988259115959943
0.107;3.987928040772204
0.108;3.987590891979859
0.109;3.987247618062898
0.11;3.986898167613017
0.111;3.986542489334025
0.112;3.986180532042241
0.113;3.985812244666897
0.114;3.985437576250546
0.115;3.985056475949457
0.116;3.984668893034022
0.117;3.984274776889158
0.118;3.983874077014706
0.119;3.983466743025839
0.12;3.983052724653459
0.121;3.982631971744602
0.122;3.982204434262842
0.123;3.98177006228869
0.124;3.981328806019997
0.125;3.980880615772359
0.126;3.980425441979517
0.127;3.979963235193761
0.128;3.979493946086328
0.129;3.979017525447813
0.13;3.978533924188563
0.131;3.978043093339083
0.132;3.977544984050438
0.133;3.977039547594657
0.134;3.976526735365132
0.135;3.976006498877023
0.136;3.975478789767659
0.137;3.974943559796942
0.138;3.974400760847748
0.139;3.973850344926329
0.14;3.973292264162718
0.141;3.972726470811127
0.142;3.972152917250355
0.143;3.971571555984185
0.144;3.97098233964179
0.145;3.970385220978133
0.146;3.969780152874372
0.147;3.969167088338261
0.148;3.968545980504549
0.149;3.967916782635391
0.15;3.967279448120742
0.151;3.966633930478761
0.152;3.965980183356219
0.153;3.965318160528895
0.154;3.964647815901979
0.155;3.96396910351048
0.156;3.963281977519622
0.157;3.962586392225249
0.158;3.961882302054227
0.159;3.961169661564849
0.16;3.960448425447231
0.161;3.959718548523723
0.162;3.958979985749304
0.163;3.958232692211987
0.164;3.957476623133223
0.165;3.956711733868302
0.166;3.955937979906755
0.167;3.955155316872756
0.168;3.954363700525526
0.169;3.953563086759736
0.17;3.952753431605905
0.171;3.951934691230807
0.172;3.951106821937873
0.173;3.95026978016759
0.174;3.949423522497906
0.175;3.948568005644634
0.176;3.947703186461849
0.177;3.946829021942297
0.178;3.945945469217792
0.179;3.945052485559621
0.18;3.944150028378947
0.181;3.943238055227209
0.182;3.942316523796526
0.183;3.941385391920099
0.184;3.940444617572616
0.185;3.939494158870646
0.186;3.938533974073054
0.187;3.937564021581393
0.188;3.93658425994031
0.189;3.93559464783795
0.19;3.934595144106355
0.191;3.933585707721871
0.192;3.932566297805544
0.193;3.93153687362353
0.194;3.930497394587491
0.195;3.929447820254999
0.196;3.928388110329942
0.197;3.927318224662921
0.198;3.926238123251657
0.199;3.92514776624139
0.2;3.924047113925284
0.201;3.922936126744827
0.202;3.921814765290236
0.203;3.920682990300856
0.204;3.919540762665565
0.205;3.918388043423179
0.206;3.917224793762845
0.207;3.916050975024455
0.208;3.914866548699041
0.209;3.913671476429179
0.21;3.91246572000939
0.211;3.911249241386549
0.212;3.910022002660279
0.213;3.908783966083356
0.214;3.907535094062115
0.215;3.906275349156848
0.216;3.905004694082209
0.217;3.903723091707616
0.218;3.90243050505765
0.219;3.901126897312464
0.22;3.899812231808179
0.221;3.89848647203729
0.222;3.897149581649068
0.223;3.895801524449961
0.224;3.894442264403998
0.225;3.89307176563319
0.226;3.891689992417932
0.227;3.890296909197409
0.228;3.888892480569994
0.229;3.887476671293653
0.23;3.886049446286346
0.231;3.88461077062643
0.232;3.883160609553061
0.233;3.881698928466599
0.234;3.880225692929006
0.235;3.878740868664251
0.236;3.877244421558712
0.237;3.875736317661578
0.238;3.874216523185253
0.239;3.872685004505756
0.24;3.871141728163126
0.241;3.86958666086182
0.242;3.868019769471121
0.243;3.866441021025537
0.244;3.864850382725205
0.245;3.863247821936289
0.246;3.86163330619139
0.247;3.860006803189943
0.248;3.858368280798619
0.249;3.856717707051732
0.25;3.855055050151636
0.251;3.85338027846913
0.252;3.851693360543863
0.253;3.84999426508473
0.254;3.848282960970281
0.255;3.846559417249118
0.256;3.844823603140301
0.257;3.84307548803375
0.258;3.841315041490645
0.259;3.839542233243832
0.26;3.837757033198221
0.261;3.835959411431193
0.262;3.834149338192999
0.263;3.832326783907163
0.264;3.830491719170887
0.265;3.82864411475545
0.266;3.826783941606611
0.267;3.824911170845013
0.268;3.823025773766586
0.269;3.821127721842946
0.27;3.8192169867218
0.271;3.817293540227347
0.272;3.815357354360682
0.273;3.813408401300198
0.274;3.811446653401987
0.275;3.809472083200244
0.276;3.807484663407667
0.277;3.805484366915862
0.278;3.803471166795747
0.279;3.801445036297948
0.28;3.799405948853207
0.281;3.797353878072784
0.282;3.795288797748855
0.283;3.793210681854919
0.284;3.791119504546201
0.285;3.789015240160049
0.286;3.786897863216341
0.287;3.784767348417886
0.288;3.782623670650826
0.289;3.780466804985039
0.29;3.778296726674542
0.291;3.776113411157892
0.292;3.773916834058588
0.293;3.771706971185476
0.294;3.76948379853315
0.295;3.767247292282351
0.296;3.764997428800377
0.297;3.762734184641477
0.298;3.760457536547261
0.299;3.758167461447096
0.3;3.755863936458512
0.301;3.753546938887604
0.302;3.751216446229434
0.303;3.748872436168431
0.304;3.746514886578799
0.305;3.744143775524915
0.306;3.741759081261731
0.307;3.73936078223518
0.308;3.736948857082575
0.309;3.734523284633013
0.31;3.732084043907778
0.311;3.72963111412074
0.312;3.727164474678763
0.313;3.724684105182102
0.314;3.722189985424808
0.315;3.719682095395132
0.316;3.717160415275922
0.317;3.714624925445031
0.318;3.712075606475719
0.319;3.709512439137049
0.32;3.706935404394297
0.321;3.704344483409352
0.322;3.701739657541116
0.323;3.699120908345909
0.324;3.696488217577872
0.325;3.693841567189364
0.326;3.691180939331372
0.327;3.68850631635391
0.328;3.685817680806418
0.329;3.683115015438169
0.33;3.680398303198672
0.331;3.67766752723807
0.332;3.674922670907546
0.333;3.672163717759722
0.334;3.669390651549065
0.335;3.66660345623229
0.336;3.663802115968757
0.337;3.660986615120878
0.338;3.658156938254518
0.339;3.655313070139397
0.34;3.652454995749495
0.341;3.649582700263449
0.342;3.646696169064961
0.343;3.643795387743197
0.344;3.640880342093193
0.345;3.63795101811625
0.346;3.635007402020345
0.347;3.632049480220529
0.348;3.629077239339329
0.349;3.626090666207152
0.35;3.623089747862688
0.351;3.620074471553309
0.352;3.617044824735475
0.353;3.614000795075134
0.354;3.610942370448127
0.355;3.607869538940588
0.356;3.604782288849346
0.357;3.601680608682331
0.358;3.598564487158971
0.359;3.595433913210599
0.36;3.592288875980856
0.361;3.589129364826086
0.362;3.585955369315747
0.363;3.58276687923281
0.364;3.579563884574161
0.365;3.576346375551002
0.366;3.573114342589257
0.367;3.569867776329972
0.368;3.566606667629718
0.369;3.563331007560993
0.37;3.560040787412625
0.371;3.556735998690173
0.372;3.553416633116332
0.373;3.550082682631333
0.374;3.546734139393346
0.375;3.543370995778885
0.376;3.539993244383204
0.377;3.536600878020707
0.378;3.533193889725345
0.379;3.529772272751021
0.38;3.52633602057199
0.381;3.522885126883266
0.382;3.519419585601018
0.383;3.51593939086298
0.384;3.512444537028844
0.385;3.508935018680671
0.386;3.505410830623291
0.387;3.5018719678847
0.388;3.498318425716471
0.389;3.494750199594151
0.39;3.491167285217663
0.391;3.487569678511711
0.392;3.483957375626182
0.393;3.480330372936547
0.394;3.476688667044265
0.395;3.473032254777182
0.396;3.46936113318994
0.397;3.465675299564371
0.398;3.461974751409906
0.399;3.458259486463976
0.4;3.454529502692411
0.401;3.450784798289847
0.402;3.447025371680125
0.403;3.443251221516695
0.404;3.439462346683019
0.405;3.435658746292971
0.406;3.431840419691242
0.407;3.428007366453739
0.408;3.424159586387994
0.409;3.420297079533558
0.41;3.416419846162408
0.411;3.412527886779351
0.412;3.408621202122422
0.413;3.40469979316329
0.414;3.400763661107658
0.415;3.396812807395667
0.416;3.392847233702298
0.417;3.388866941937773
0.418;3.38487193424796
0.419;3.380862213014773
0.42;3.376837780856576
0.421;3.372798640628584
0.422;3.368744795423267
0.423;3.364676248570751
0.424;3.36059300363922
0.425;3.356495064435322
0.426;3.352382435004566
0.427;3.348255119631729
0.428;3.344113122841255
0.429;3.33995644939766
0.43;3.335785104305932
0.431;3.331599092811937
0.432;3.327398420402817
0.433;3.323183092807395
0.434;3.318953115996577
0.435;3.314708496183754
0.436;3.310449239825205
0.437;3.3061753536205
0.438;3.301886844512899
0.439;3.297583719689759
0.44;3.293265986582933
0.441;3.288933652869174
0.442;3.284586726470538
0.443;3.280225215554783
0.444;3.275849128535776
0.445;3.271458474073893
0.446;3.267053261076421
0.447;3.26263349869796
0.448;3.258199196340828
0.449;3.253750363655462
0.45;3.249287010540818
0.451;3.244809147144778
0.452;3.240316783864547
0.453;3.235809931347063
0.454;3.23128860048939
0.455;3.226752802439127
0.456;3.22220254859481
0.457;3.21763785060631
0.458;3.21305872037524
0.459;3.208465170055356
0.46;3.203857212052959
0.461;3.199234859027296
0.462;3.194598123890965
0.463;3.189947019810317
0.464;3.185281560205857
0.465;3.180601758752646
0.466;3.175907629380706
0.467;3.171199186275421
0.468;3.166476443877937
0.469;3.161739416885569
0.47;3.1569881202522
0.471;3.152222569188685
0.472;3.147442779163252
0.473;3.142648765901906
0.474;3.137840545388829
0.475;3.133018133866787
0.476;3.128181547837526
0.477;3.123330804062181
0.478;3.118465919561673
0.479;3.113586911617113
0.48;3.108693797770208
0.481;3.103786595823657
0.482;3.098865323841558
0.483;3.093930000149811
0.484;3.088980643336516
0.485;3.084017272252378
0.486;3.079039906011112
0.487;3.07404856398984
0.488;3.069043265829496
0.489;3.064024031435231
0.49;3.05899088097681
0.491;3.05394383488902
0.492;3.048882913872069
0.493;3.043808138891985
0.494;3.038719531181029
0.495;3.033617112238088
0.496;3.028500903829078
0.497;3.023370927987352
0.498;3.018227207014098
0.499;3.013069763478741
0.5;3.007898620219349
0.501;3.002713800343032
0.502;2.997515327226346
0.503;2.992303224515694
0.504;2.987077516127731
0.505;2.981838226249764
0.506;2.976585379340157
0.507;2.971319000128726
0.508;2.966039113617154
0.509;2.960745745079382
0.51;2.955438920062018
0.511;2.950118664384735
0.512;2.944785004140678
0.513;2.939437965696861
0.514;2.934077575694574
0.515;2.928703861049786
0.516;2.92331684895354
0.517;2.917916566872366
0.518;2.912503042548673
0.519;2.90707630400116
0.52;2.901636379525214
0.521;2.896183297693311
0.522;2.890717087355421
0.523;2.885237777639413
0.524;2.879745397951451
0.525;2.874239977976401
0.526;2.868721547678232
0.527;2.863190137300417
0.528;2.857645777366339
0.529;2.85208849867969
0.53;2.846518332324876
0.531;2.840935309667416
0.532;2.835339462354348
0.533;2.829730822314628
0.534;2.824109421759537
0.535;2.818475293183078
0.536;2.812828469362383
0.537;2.807168983358111
0.538;2.801496868514856
0.539;2.795812158461543
0.54;2.790114887111836
0.541;2.784405088664536
0.542;2.778682797603987
0.543;2.772948048700475
0.544;2.767200877010636
0.545;2.761441317877848
0.546;2.755669406932646
0.547;2.749885180093115
0.548;2.744088673565297
0.549;2.738279923843592
0.55;2.73245896771116
0.551;2.726625842240325
0.552;2.720780584792974
0.553;2.714923233020966
0.554;2.709053824866524
0.555;2.703172398562649
0.556;2.697278992633513
0.5570000000000001;2.691373645894869
0.5580000000000001;2.685456397454445
0.5590000000000001;2.679527286712355
0.5600000000000001;2.673586353361496
0.5610000000000001;2.667633637387952
0.5620000000000001;2.661669179071396
0.5630000000000001;2.655693018985492
0.5640000000000001;2.649705197998299
0.5650000000000001;2.643705757272673
0.5660000000000001;2.637694738266667
0.5670000000000001;2.631672182733936
0.5680000000000001;2.62563813272414
0.5690000000000001;2.619592630583342
0.5700000000000001;2.613535718954417
0.5710000000000001;2.607467440777446
0.5720000000000001;2.601387839290128
0.5730000000000001;2.595296958028177
0.5740000000000001;2.58919484082572
0.5750000000000001;2.58308153181571
0.5760000000000001;2.57695707543032
0.577;2.57082151640135
0.578;2.564674899760624
0.579;2.5585172708404
0.58;2.552348675273765
0.581;2.546169158995043
0.582;2.539978768240194
0.583;2.533777549547217
0.584;2.527565549756556
0.585;2.521342816011495
0.586;2.515109395758566
0.587;2.508865336747952
0.588;2.502610687033886
0.589;2.496345494975054
0.59;2.490069809235
0.591;2.483783678782526
0.592;2.477487152892093
0.593;2.47118028114423
0.594;2.464863113425928
0.595;2.458535699931046
0.596;2.452198091160717
0.597;2.445850337923743
0.598;2.439492491337005
0.599;2.433124602825859
0.6;2.426746724124542
0.601;2.420358907276575
0.602;2.413961204635162
0.603;2.407553668863596
0.604;2.401136352935657
0.605;2.394709310136022
0.606;2.388272594060656
0.607;2.381826258617227
0.608;2.3753703580255
0.609;2.36890494681774
0.61;2.362430079839119
0.611;2.355945812248113
0.612;2.34945219951691
0.613;2.342949297431805
0.614;2.336437162093611
0.615;2.329915849918054
0.616;2.32338541763618
0.617;2.316845922294755
0.618;2.31029742125667
0.619;2.30373997220134
0.62;2.297173633125107
0.621;2.290598462341646
0.622;2.284014518482365
0.623;2.277421860496803
0.624;2.270820547653043
0.625;2.264210639538101
0.626;2.257592196058342
0.627;2.250965277439871
0.628;2.244329944228943
0.629;2.23768625729236
0.63;2.23103427781788
0.631;2.224374067314612
0.632;2.217705687613422
0.633;2.211029200867336
0.634;2.204344669551941
0.635;2.197652156465789
0.636;2.190951724730799
0.637;2.184243437792656
0.638;2.177527359421217
0.639;2.170803553710914
0.64;2.164072085081154
0.641;2.157333018276722
0.642;2.150586418368185
0.643;2.143832350752291
0.644;2.137070881152375
0.645;2.130302075618759
0.646;2.123526000529157
0.647;2.116742722589073
0.648;2.109952308832209
0.649;2.103154826620862
0.65;2.09635034364633
0.651;2.089538927929313
0.652;2.082720647820316
0.653;2.07589557200005
0.654;2.069063769479837
0.655;2.06222530960201
0.656;2.055380262040315
0.657;2.048528696800317
0.658;2.041670684219798
0.659;2.034806294969164
0.66;2.02793560005184
0.661;2.021058670804682
0.662;2.014175578898374
0.663;2.007286396337827
0.664;2.000391195462588
0.665;1.993490048947243
0.666;1.98658302980181
0.667;1.979670211372152
0.668;1.972751667340372
0.669;1.965827471725221
0.67;1.958897698882495
0.671;1.951962423505444
0.672;1.945021720625166
0.673;1.938075665611017
0.674;1.931124334171008
0.675;1.924167802352213
0.676;1.917206146541164
0.677;1.910239443464262
0.678;1.903267770188168
0.679;1.896291204120221
0.68;1.889309823008827
0.681;1.882323704943863
0.6820000000000001;1.875332928357089
0.6830000000000001;1.868337572022539
0.6840000000000001;1.861337715056932
0.6850000000000001;1.854333436920065
0.6860000000000001;1.847324817415227
0.6870000000000001;1.840311936689592
0.6880000000000001;1.833294875234626
0.6890000000000001;1.826273713886487
0.6900000000000001;1.819248533826431
0.6910000000000001;1.81221941658121
0.6920000000000001;1.805186444023477
0.6930000000000001;1.798149698372186
0.6940000000000001;1.791109262192999
0.6950000000000001;1.784065218398685
0.6960000000000001;1.777017650249522
0.6970000000000001;1.7699666413537
0.6980000000000001;1.762912275667723
0.6990000000000001;1.755854637496816
0.7000000000000001;1.748793811495321
0.7010000000000001;1.7417298826671
0.7020000000000001;1.734662936365942
0.7030000000000001;1.727593058295962
0.704;1.720520334512005
0.705;1.713444851420045
0.706;1.706366695777593
0.707;1.699285954694092
0.708;1.69220271563133
0.709;1.68511706640383
0.71;1.678029095179261
0.711;1.670938890478838
0.712;1.663846541177725
0.713;1.656752136505434
0.714;1.649655766046233
0.715;1.642557519739543
0.716;1.635457487880345
0.717;1.628355761119578
0.718;1.621252430464545
0.719;1.614147587279315
0.72;1.607041323285121
0.721;1.599933730560769
0.722;1.592824901543036
0.723;1.585714929027074
0.724;1.57860390616681
0.725;1.571491926475354
0.726;1.564379083825395
0.727;1.557265472449607
0.728;1.550151186941049
0.729;1.543036322253572
0.73;1.535920973702217
0.731;1.528805236963616
0.732;1.521689208076403
0.733;1.514572983441603
0.734;1.507456659823049
0.735;1.500340334347772
0.736;1.493224104506413
0.737;1.486108068153618
0.738;1.478992323508444
0.739;1.471876969154761
0.74;1.464762104041657
0.741;1.457647827483832
0.742;1.450534239162012
0.743;1.443421439123341
0.744;1.43630952778179
0.745;1.429198605918557
0.746;1.422088774682469
0.747;1.414980135590385
0.748;1.4078727905276
0.749;1.400766841748245
0.75;1.393662391875688
0.751;1.386559543902941
0.752;1.379458401193061
0.753;1.372359067479548
0.754;1.365261646866752
0.755;1.358166243830276
0.756;1.351072963217376
0.757;1.343981910247362
0.758;1.336893190512003
0.759;1.329806909975931
0.76;1.322723174977037
0.761;1.315642092226883
0.762;1.308563768811094
0.763;1.301488312189767
0.764;1.294415830197872
0.765;1.287346431045655
0.766;1.280280223319037
0.767;1.273217315980022
0.768;1.266157818367094
0.769;1.259101840195621
0.77;1.252049491558261
0.771;1.245000882925359
0.772;1.237956125145353
0.773;1.230915329445175
0.774;1.223878607430653
0.775;1.216846071086915
0.776;1.209817832778791
0.777;1.202794005251212
0.778;1.195774701629619
0.779;1.188760035420358
0.78;1.181750120511087
0.781;1.17474507117118
0.782;1.167745002052124
0.783;1.160750028187927
0.784;1.153760264995511
0.785;1.146775828275129
0.786;1.139796834210755
0.787;1.132823399370492
0.788;1.125855640706972
0.789;1.118893675557763
0.79;1.111937621645762
0.791;1.104987597079607
0.792;1.098043720354079
0.793;1.091106110350491
0.794;1.084174886337113
0.795;1.077250167969553
0.796;1.070332075291171
0.797;1.06342072873348
0.798;1.056516249116545
0.799;1.04961875764939
0.8;1.042728375930394
0.801;1.035845225947701
0.802;1.028969430079616
0.803;1.022101111095014
0.804;1.015240392153731
0.805;1.008387396806983
0.806;1.001542248997752
0.8070000000000001;0.9947050730611999
0.8080000000000001;0.9878759937250647
0.8090000000000001;0.9810551361100641
0.8100000000000001;0.9742426257303016
0.8110000000000001;0.9674385884936627
0.8120000000000001;0.9606431507022206
0.8130000000000001;0.9538564390526423
0.8140000000000001;0.9470785806365827
0.8150000000000001;0.9403097029410947
0.8160000000000001;0.933549933849025
0.8170000000000001;0.9267994016394243
0.8180000000000001;0.9200582349879403
0.8190000000000001;0.9133265629672307
0.8200000000000001;0.9066045150473534
0.8210000000000001;0.8998922210961791
0.8220000000000001;0.8931898113797914
0.8230000000000001;0.8864974165628858
0.8240000000000001;0.8798151677091735
0.8250000000000001;0.873143196281787
0.8260000000000001;0.866481634143677
0.8270000000000001;0.8598306135580196
0.8280000000000001;0.853190267188614
0.8290000000000001;0.8465607281002931
0.8300000000000001;0.839942129759315
0.8310000000000001;0.8333346060337736
0.8320000000000001;0.8267382911939976
0.833;0.8201533199129547
0.834;0.8135798272666497
0.835;0.8070179487345346
0.836;0.8004678201999011
0.837;0.7939295779502933
0.838;0.7874033586779019
0.839;0.7808892994799725
0.84;0.7743875378592024
0.841;0.7678982117241464
0.842;0.7614214593896218
0.843;0.7549574195771043
0.844;0.7485062314151336
0.845;0.7420680344397201
0.846;0.7356429685947377
0.847;0.7292311742323365
0.848;0.7228327921133362
0.849;0.7164479634076355
0.85;0.7100768296946107
0.851;0.7037195329635191
0.852;0.6973762156138994
0.853;0.6910470204559815
0.854;0.6847320907110785
0.855;0.6784315700119938
0.856;0.6721456024034271
0.857;0.6658743323423706
0.858;0.6596179046985151
0.859;0.6533764647546509
0.86;0.6471501582070731
0.861;0.6409391311659793
0.862;0.6347435301558733
0.863;0.6285635021159743
0.864;0.6223991944006051
0.865;0.6162507547796099
0.866;0.6101183314387466
0.867;0.6040020729800917
0.868;0.5979021284224464
0.869;0.5918186472017335
0.87;0.5857517791714031
0.871;0.5797016746028314
0.872;0.5736684841857316
0.873;0.5676523590285467
0.874;0.561653450658854
0.875;0.5556719110237713
0.876;0.5497078924903587
0.877;0.5437615478460165
0.878;0.5378330302988927
0.879;0.5319224934782842
0.88;0.5260300914350324
0.881;0.520155978641939
0.882;0.5143003099941552
0.883;0.5084632408095935
0.884;0.5026449268293245
0.885;0.4968455242179797
0.886;0.4910651895641589
0.887;0.4853040798808275
0.888;0.4795623526057176
0.889;0.4738401656017364
0.89;0.4681376771573662
0.891;0.462455045987062
0.892;0.456792431231662
0.893;0.4511499924587823
0.894;0.4455278896632242
0.895;0.4399262832673783
0.896;0.4343453341216188
0.897;0.4287852035047148
0.898;0.4232460531242257
0.899;0.4177280451169096
0.9;0.4122313420491204
0.901;0.4067561069172165
0.902;0.401302503147952
0.903;0.3958706945988948
0.904;0.3904608455588146
0.905;0.385073120748094
0.906;0.3797076853191292
0.907;0.3743647048567267
0.908;0.3690443453785157
0.909;0.3637467733353414
0.91;0.3584721556116737
0.911;0.3532206595260048
0.912;0.3479924528312566
0.913;0.3427877037151772
0.914;0.3376065808007498
0.915;0.3324492531465877
0.916;0.3273158902473439
0.917;0.3222066620341106
0.918;0.3171217388748166
0.919;0.312061291574639
0.92;0.3070254913764012
0.921;0.3020145099609746
0.922;0.2970285194476761
0.923;0.292067692394685
0.924;0.2871322017994267
0.925;0.2822222210989933
0.926;0.2773379241705314
0.927;0.2724794853316563
0.928;0.2676470793408399
0.929;0.2628408813978282
0.93;0.2580610671440366
0.931;0.2533078126629498
0.9320000000000001;0.2485812944805312
0.9330000000000001;0.2438816895656188
0.9340000000000001;0.239209175330334
0.9350000000000001;0.2345639296304718
0.9360000000000001;0.2299461307659207
0.9370000000000001;0.2253559574810495
0.9380000000000001;0.2207935889651225
0.9390000000000001;0.2162592048526903
0.9400000000000001;0.211752985223999
0.9410000000000001;0.2072751106053898
0.9420000000000001;0.2028257619697058
0.9430000000000001;0.1984051207366875
0.9440000000000001;0.1940133687733852
0.9450000000000001;0.1896506883945435
0.9460000000000001;0.1853172623630313
0.9470000000000001;0.1810132738902119
0.9480000000000001;0.1767389066363743
0.9490000000000001;0.1724943447111142
0.9500000000000001;0.1682797726737499
0.9510000000000001;0.1640953755337229
0.9520000000000001;0.159941338750988
0.9530000000000001;0.1558178482364365
0.9540000000000001;0.1517250903522758
0.9550000000000001;0.1476632519124497
0.9560000000000001;0.1436325201830346
0.9570000000000001;0.1396330828826402
0.9580000000000001;0.1356651281828114
0.9590000000000001;0.1317288447084355
0.96;0.1278244215381417
0.961;0.1239520482046998
0.962;0.1201119146954275
0.963;0.1163042114525954
0.964;0.1125291293738213
0.965;0.1087868598124784
0.966;0.1050775945780966
0.967;0.1014015259367609
0.968;0.09775884661152112
0.969;0.09414974978278856
0.97;0.09057442908874336
0.971;0.08703307862572984
0.972;0.08352589294866419
0.973;0.080053067071435
0.974;0.07661479646730918
0.975;0.07321127706932629
0.976;0.06984270527071246
0.977;0.06650927792526762
0.978;0.06321119234778738
0.979;0.05994864631444408
0.98;0.05672183806320952
0.981;0.05353096629423781
0.982;0.05037623017028459
0.983;0.04725782931710043
0.984;0.04417596382383415
0.985;0.04113083424343777
0.986;0.03812264159306267
0.987;0.03515158735447876
0.988;0.03221787347444938
0.989;0.02932170236516107
0.99;0.02646327690460559
0.991;0.02364280043699729
0.992;0.02086047677316394
0.993;0.01811651019095528
0.994;0.01541110543564805
0.995;0.01274446772034121
0.996;0.01011680272636184
0.997;0.007528316603666596
0.998;0.004979215971244066
0.999;0.002469707917525099
1;7.709388682997087e-13
1.001;-0.002429788931195276
1.002;-0.004819896434341331
1.003;-0.007170649207537849
1.004;-0.009482373948955569
1.005;-0.01175539735682207
1.006;-0.0139900461293081
1.007;-0.01618664696444228
1.008;-0.01834552656045219
1.009;-0.02046701161556541
1.01;-0.02255142882792427
1.011;-0.02459910489564265
1.012;-0.0266103665168913
1.013;-0.02858554038986938
1.014;-0.03052495321274762
1.015;-0.03242893168366834
1.016;-0.03429780250068859
1.017;-0.03613189236217806
1.018;-0.03793152796619381
1.019;-0.03969703601084973
1.02;-0.04142874319434497
1.021;-0.04312697621490713
1.022;-0.04479206177065009
1.023;-0.04642432655968776
1.024;-0.04802409728027612
1.025;-0.04959170063050067
1.026;-0.05112746330861739
1.027;-0.05263171201265493
1.028;-0.05410477344092612
1.029;-0.05554697429143118
1.03;-0.05695864126248296
1.031;-0.05834010105219534
1.032;-0.05969168035871064
1.033;-0.06101370588019961
1.034;-0.06230650431480456
1.035;-0.06357040236072464
1.036;-0.06480572671613061
1.037;-0.06601280407910792
1.038;-0.06719196114791259
1.039;-0.06834352462071536
1.04;-0.06946782119554484
1.041;-0.07056517757068548
1.042;-0.07163592044427958
1.043;-0.0726803765145263
1.044;-0.07369887247953955
1.045;-0.0746917350374332
1.046;-0.07565929088643486
1.047;-0.07660186672474367
1.048;-0.07751978925041669
1.049;-0.0784133851616815
1.05;-0.07928298115679411
1.051;-0.08012890393369787
1.052;-0.08095148019073406
1.053;-0.08175103662601657
1.054;-0.08252789993771614
1.055;-0.08328239682391825
1.056;-0.08401485398287889
1.057;-0.08472559811276881
1.058;-0.0854149559117019
1.059;-0.08608325407779205
1.06;-0.08673081930929527
1.061;-0.0873579783043823
1.062;-0.08796505776119545
1.063;-0.08855238437784863
1.064;-0.08912028485248413
1.065;-0.08966908588344324
1.066;-0.09019911416866933
1.067;-0.09071069640641838
1.068;-0.09120415929488956
1.069;-0.09167982953219678
1.07;-0.09213803381653918
1.071;-0.09257909884597382
1.072;-0.09300335131884196
1.073;-0.09341111793325751
1.074;-0.0938027253872491
1.075;-0.09417850037907272
1.076;-0.09453876960692753
1.077;-0.09488385976892744
1.078;-0.09521409756327159
1.079;-0.09552980968810232
1.08;-0.09583132284153351
1.081;-0.09611896372179274
1.082;-0.09639305902705075
1.083;-0.09665393545542145
1.084;-0.09690191970510398
1.085;-0.09713733847421224
1.086;-0.09736051846100224
1.087;-0.09757178636355945
1.088;-0.09777146888005461
1.089;-0.09795989270868688
1.09;-0.09813738454757015
1.091;-0.09830427109493201
1.092;-0.09846087904888634
1.093;-0.09860753510763232
1.094;-0.0987445659692554
1.095;-0.09887229833198319
1.096;-0.09899105889401483
1.097;-0.09910117435346422
1.098;-0.09920297140850209
1.099;-0.09929677675727078
1.1;-0.09938291709791258
1.101;-0.09946171912868351
1.102;-0.09953350954764062
1.103;-0.09959861505303991
1.104;-0.09965736234302369
1.105;-0.09971007811570587
1.106;-0.0997570890692856
1.107;-0.09979872190187677
1.108;-0.0998353033117354
1.109;-0.0998671599970038
1.11;-0.09989461865576743
1.111;-0.09991800598625389
1.112;-0.09993764868657706
1.113;-0.09995387345499296
1.114;-0.09996700698958705
1.115;-0.09997737598850165
1.116;-0.09998530714993592
1.117;-0.09999112717208902
1.118;-0.09999516275313169
1.119;-0.09999774059112099
1.12;-0.09999918738434133
1.121;-0.09999982983087818
1.122;-0.0999999946289023
1.123;-0.09999999919308067
1.124;-0.09999998119187836
1.125;-0.09999991569751643
1.126;-0.09999977222054923
1.127;-0.09999952059218487
1.128;-0.0999991309631767
1.129;-0.09999857380282862
1.13;-0.09999781989788659
1.131;-0.09999684035108913
1.132;-0.0999956065805705
1.133;-0.09999409031841111
1.134;-0.0999922636095576
1.135;-0.09999009881054377
1.136;-0.09998756858912117
1.137;-0.0999846459218432
1.138;-0.09998130409412198
1.139;-0.09997751669860833
1.14;-0.09997325763402642
1.141;-0.0999685011041791
1.142;-0.09996322161683935
1.143;-0.09995739398244297
1.144;-0.09995099331337798
1.145;-0.09994399502239304
1.146;-0.09993637482163109
1.147;-0.09992810872171987
1.148;-0.09991917303054976
1.149;-0.09990954435171062
1.15;-0.09989919958429283
1.151;-0.09988811592072722
1.152;-0.0998762708465577
1.153;-0.09986364213865073
1.154;-0.09985020786462684
1.155;-0.09983594638104165
1.156;-0.09982083633310168
1.157;-0.09980485665312955
1.158;-0.09978798655902921
1.159;-0.099770205554087
1.16;-0.09975149342495371
1.161;-0.09973183024113297
1.162;-0.09971119635350334
1.163;-0.09968957239363618
1.164;-0.09966693927197667
1.165;-0.09964327817736063
1.166;-0.09961857057559342
1.167;-0.0995927982085405
1.168;-0.09956594309250733
1.169;-0.09953798751778464
1.17;-0.09950891404719897
1.171;-0.09947870551497573
1.172;-0.09944734502548869
1.173;-0.09941481595235047
1.174;-0.09938110193747463
1.175;-0.09934618688948404
1.176;-0.0993100549828867
1.177;-0.0992726906569672
1.178;-0.09923407861462152
1.179;-0.09919420382096433
1.18;-0.09915305150276055
1.181;-0.09911060714686215
1.182;-0.09906685649918501
1.183;-0.09902178556377095
1.184;-0.09897538060125299
1.185;-0.09892762812848588
1.186;-0.09887851491641442
1.187;-0.09882802798978929
1.188;-0.09877615462574596
1.189;-0.09872288235249727
1.19;-0.09866819894859447
1.191;-0.09861209244147773
1.192;-0.09855455110656663
1.193;-0.09849556346603805
1.194;-0.09843511828771767
1.195;-0.09837320458394316
1.196;-0.09830981161054098
1.197;-0.09824492886551894
1.198;-0.09817854608827048
1.199;-0.0981106532578977
1.2;-0.09804124059281349
1.201;-0.09797029854900785
1.202;-0.09789781781936568
1.203;-0.09782378933193314
1.204;-0.09774820424974706
1.205;-0.09767105396887388
1.206;-0.09759233011761381
1.207;-0.09751202455539243
1.208;-0.09743012937159534
1.209;-0.09734663688443135
1.21;-0.0972615396398524
1.211;-0.09717483041050201
1.212;-0.09708650219449311
1.213;-0.09699654821415749
1.214;-0.09690496191519316
1.215;-0.09681173696547063
1.216;-0.09671686725378237
1.217;-0.09662034688876275
1.218;-0.09652217019795017
1.219;-0.09642233172656489
1.22;-0.09632082623594584
1.221;-0.09621764870338012
1.222;-0.09611279432014186
1.223;-0.09600625849075328
1.224;-0.09589803683153519
1.225;-0.09578812517023749
1.226;-0.09567651954390755
1.227;-0.09556321619854913
1.228;-0.09544821158761607
1.229;-0.09533150237110277
1.23;-0.09521308541429363
1.231;-0.09509295778642723
1.232;-0.09497111676029846
1.233;-0.09484755981021209
1.234;-0.09472228461149967
1.235;-0.09459528903932579
1.236;-0.09446657116715329
1.237;-0.09433612926623169
1.238;-0.09420396180397717
1.239;-0.09407006744309143
1.24;-0.09393444504033965
1.241;-0.09379709364555566
1.242;-0.09365801250036299
1.243;-0.09351720103726535
1.244;-0.09337465887831087
1.245;-0.09323038583404042
1.246;-0.09308438190246449
1.247;-0.09293664726772732
1.248;-0.09278718229919747
1.249;-0.09263598755038771
1.25;-0.09248306375753401
1.251;-0.09232841183877127
1.252;-0.09217203289285436
1.253;-0.09201392819804965
1.254;-0.09185409921119714
1.255;-0.09169254756626088
1.256;-0.09152927507353326
1.257;-0.09136428371821381
1.258;-0.09119757565958508
1.259;-0.09102915322984728
1.26;-0.09085901893244142
1.261;-0.09068717544202087
1.262;-0.09051362560226295
1.263;-0.09033837242535725
1.264;-0.09016141909058462
1.265;-0.08998276894349289
1.266;-0.08980242549456108
1.267;-0.08962039241786357
1.268;-0.08943667355081431
1.269;-0.08925127289177937
1.27;-0.08906419459990644
1.271;-0.08887544299407324
1.272;-0.08868502255069899
1.273;-0.08849293790385815
1.274;-0.08829919384343299
1.275;-0.08810379531437462
1.276;-0.08790674741525351
1.277;-0.08770805539715099
1.278;-0.08750772466306245
1.279;-0.08730576076616359
1.28;-0.08710216940895776
1.281;-0.08689695644211071
1.282;-0.08669012786314312
1.283;-0.08648168981606119
1.284;-0.08627164858905445
1.285;-0.0860600106142968
1.286;-0.08584678246658228
1.287;-0.08563197086201768
1.288;-0.08541558265728355
1.289;-0.08519762484767313
1.29;-0.08497810456740496
1.291;-0.08475702908695126
1.292;-0.08453440581303795
1.293;-0.08431024228688244
1.294;-0.08408454618345473
1.295;-0.08385732531019841
1.296;-0.08362858760586533
1.297;-0.08339834113943567
1.298;-0.08316659410906624
1.299;-0.08293335484092523
1.3;-0.08269863178791326
1.301;-0.08246243352883909
1.302;-0.08222476876714069
1.303;-0.08198564632977678
1.304;-0.08174507516606155
1.305;-0.08150306434664145
1.306;-0.08125962306218781
1.307;-0.08101476062260105
1.308;-0.08076848645544743
1.309;-0.0805208101055328
1.31;-0.08027174123277092
1.311;-0.08002128961192767
1.312;-0.07976946513131367
1.313;-0.07951627779133474
1.314;-0.07926173770380984
1.315;-0.07900585509035096
1.316;-0.07874864028159578
1.317;-0.07849010371632659
1.318;-0.07823025593956601
1.319;-0.07796910760234965
1.32;-0.0777066694598787
1.321;-0.07744295237080934
1.322;-0.07717796729586013
1.323;-0.07691172529738566
1.324;-0.07664423753727334
1.325;-0.07637551527631814
1.326;-0.07610556987291517
1.327;-0.07583441278260494
1.328;-0.07556205555591333
1.329;-0.07528850983812418
1.33;-0.07501378736740349
1.331;-0.07473789997457203
1.332;-0.0744608595808316
1.333;-0.07418267819787872
1.334;-0.07390336792580143
1.335;-0.07362294095256772
1.336;-0.07334140955266122
1.337;-0.07305878608574545
1.338;-0.07277508299606694
1.339;-0.0724903128111194
1.34;-0.07220448814005209
1.341;-0.07191762167335725
1.342;-0.07162972618102259
1.343;-0.07134081451204821
1.344;-0.07105089959279809
1.345;-0.07075999442614744
1.346;-0.07046811209034587
1.347;-0.07017526573765309
1.348;-0.06988146859377053
1.349;-0.06958673395613602
1.35;-0.06929107519318478
1.351;-0.06899450574281474
1.352;-0.06869703911181801
1.353;-0.06839868887445988
1.354;-0.06809946867122818
1.355;-0.06779939220781017
1.356;-0.06749847325423985
1.357;-0.06719672564356216
1.358;-0.06689416327044029
1.359;-0.06659080009067253
1.36;-0.06628665011934487
1.361;-0.06598172743014885
1.362;-0.0656760461546142
1.363;-0.0653696204798635
1.364;-0.06506246464869747
1.365;-0.06475459295774755
1.366;-0.06444601975673692
1.367;-0.06413675944694575
1.368;-0.06382682648052906
1.369;-0.06351623535903883
1.37;-0.06320500063268497
1.371;-0.06289313689891429
1.372;-0.0625806588013873
1.373;-0.06226758102861396
1.374;-0.06195391831327157
1.375;-0.0616396854310679
1.376;-0.06132489719909273
1.377;-0.06100956847513572
1.378;-0.06069371415654956
1.379;-0.0603773491791415
1.38;-0.06006048851538281
1.381;-0.05974314717489193
1.382;-0.0594253402010807
1.383;-0.0591070826720923
1.384;-0.05878838969861278
1.385;-0.05846927642276256
1.386;-0.05814975801747124
1.387;-0.05782984968477223
1.388;-0.05750956665523432
1.389;-0.05718892418642696
1.39;-0.0568679375620107
1.391;-0.05654662209048666
1.392;-0.05622499310417339
1.393;-0.05590306595806993
1.394;-0.05558085602883267
1.395;-0.05525837871318373
1.396;-0.05493564942768359
1.397;-0.05461268360679838
1.398;-0.05428949670187677
1.399;-0.05396610418055303
1.4;-0.05364252152512705
1.401;-0.0533187642316264
1.402;-0.05299484780858421
1.403;-0.05267078777612966
1.404;-0.052346599664709
1.405;-0.05202229901386346
1.406;-0.05169790137151864
1.407;-0.05137342229202346
1.408;-0.05104887733634911
1.409;-0.05072428206973001
1.41;-0.05039965206101016
1.411;-0.05007500288170519
1.412;-0.04975035010463813
1.413;-0.04942570930285939
1.414;-0.04910109604850987
1.415;-0.04877652591208204
1.416;-0.04845201446043035
1.417;-0.04812757725671446
1.418;-0.04780322985838126
1.419;-0.04747898781656801
1.42;-0.04715486667482338
1.421;-0.04683088196774321
1.422;-0.04650704922054416
1.423;-0.04618338394727317
1.424;-0.04585990164975584
1.425;-0.04553661781697116
1.426;-0.04521354792317567
1.427;-0.04489070742767609
1.428;-0.04456811177283981
1.429;-0.0442457763834696
1.43;-0.04392371666549622
1.431;-0.04360194800535311
1.432;-0.04328048576793009
1.433;-0.04295934529623224
1.434;-0.04263854190978833
1.435;-0.04231809090425287
1.436;-0.04199800754896188
1.437;-0.04167830708738762
1.438;-0.0413590047347796
1.439;-0.04104011567762456
1.44;-0.04072165507219694
1.441;-0.04040363804433156
1.442;-0.04008607968700773
1.443;-0.0397689950597524
1.444;-0.03945239918821386
1.445;-0.03913630706211535
1.446;-0.03882073363445926
1.447;-0.0385056938200492
1.448;-0.03819120249537633
1.449;-0.03787727449668665
1.45;-0.03756392461850311
1.451;-0.03725116761385294
1.452;-0.03693901819159606
1.453;-0.03662749101642504
1.454;-0.03631660070721665
1.455;-0.03600636183623607
1.456;-0.03569678892743156
1.457;-0.03538789645609342
1.458;-0.03507969884703499
1.459;-0.03477221047402423
1.46;-0.03446544565839105
1.461;-0.03415941866797567
1.462;-0.03385414371550866
1.463;-0.03354963495861085
1.464;-0.03324590649777548
1.465;-0.03294297237537336
1.466;-0.03264084657437394
1.467;-0.03233954301828845
1.468;-0.03203907556866881
1.469;-0.03173945802453915
1.47;-0.03144070412160005
1.471;-0.03114282753063691
1.472;-0.03084584185683781
1.473;-0.03054976063808823
1.474;-0.03025459734428892
1.475;-0.02996036537587798
1.476;-0.02966707806388769
1.477;-0.02937474866664758
1.478;-0.02908339037063712
1.479;-0.02879301628872355
1.48;-0.028503639458485
1.481;-0.02821527284195469
1.482;-0.02792792932383037
1.483;-0.02764162171084905
1.484;-0.02735636273033748
1.485;-0.02707216502921739
1.486;-0.02678904117278336
1.487;-0.0265070036440207
1.488;-0.02622606484161594
1.489;-0.0259462370795589
1.49;-0.02566753258629006
1.491;-0.02538996350219946
1.492;-0.02511354188013826
1.493;-0.02483827968320185
1.494;-0.02456418878421829
1.495;-0.02429128096449773
1.496;-0.02401956791178605
1.497;-0.02374906122123122
1.498;-0.02347977239168841
1.499;-0.02321171282708434
1.5;-0.02294489383331921
1.501;-0.02267932661812466
1.502;-0.02241502229001213
1.503;-0.02215199185665284
1.504;-0.02189024622413882
1.505;-0.02162979619570393
1.506;-0.02137065247030279
1.507;-0.02111282564249706
1.508;-0.02085632619998279
1.509;-0.02060116452350513
1.51;-0.02034735088540884
1.511;-0.02009489544833087
1.512;-0.01984380826440457
1.513;-0.019594099273327
1.514;-0.01934577830326845
1.515;-0.01909885506655229
1.516;-0.01885333916192877
1.517;-0.01860924007099385
1.518;-0.01836656715824603
1.519;-0.01812532966926739
1.52;-0.01788553673083726
1.521;-0.0176471973481469
1.522;-0.01741032040485635
1.523;-0.01717491466167331
1.524;-0.01694098875504579
1.525;-0.0167085511961389
1.526;-0.01647761037015272
1.527;-0.01624817453410543
1.528;-0.01602025181683331
1.529;-0.01579385021796753
1.53;-0.01556897760514886
1.531;-0.01534564171510766
1.532;-0.01512385015070805
1.533;-0.01490361038083421
1.534;-0.01468492973931035
1.535;-0.01446781542347964
1.536;-0.01425227449295363
1.537;-0.01403831386836174
1.538;-0.01382594033129436
1.539;-0.01361516052163125
1.54;-0.01340598093765522
1.541;-0.01319840793440363
1.542;-0.01299244772241792
1.543;-0.01278810636711825
1.544;-0.01258538978721191
1.545;-0.01238430375372701
1.546;-0.01218485388921664
1.547;-0.01198704566576936
1.548;-0.01179088440517972
1.549;-0.01159637527639035
1.55;-0.01140352329566241
1.551;-0.01121233332458615
1.552;-0.0110228100690577
1.553;-0.01083495807916535
1.554;-0.01064878174606321
1.555;-0.0104642853031649
1.556;-0.01028147282324454
1.557;-0.01010034821803885
1.558;-0.009920915237792371
1.559;-0.00974317746784692
1.56;-0.009567138330631053
1.561;-0.009392801082192648
1.562;-0.009220168812426266
1.563;-0.00904924444245836
1.564;-0.008880030725670451
1.565;-0.008712530244572747
1.566;-0.008546745410576762
1.567;-0.008382678462972137
1.568;-0.00822033146767609
1.569;-0.00805970631564179
1.57;-0.007900804723028898
1.571;-0.00774362822790664
1.572;-0.007588178191618056
1.573;-0.007434455796165196
1.574;-0.007282462042901727
1.575;-0.007132197752532932
1.576;-0.006983663562841969
1.577;-0.006836859928746719
1.578;-0.006691787119798676
1.579;-0.006548445220239785
1.58;-0.006406834127808736
1.581;-0.006266953551069321
1.582;-0.006128803010660988
1.583;-0.00599238183657036
1.584;-0.005857689167278579
1.585;-0.005724723948738131
1.586;-0.005593484933747561
1.587;-0.005463970679905117
1.588;-0.005336179549438214
1.589;-0.00521010970710023
1.59;-0.005085759119772604
1.591;-0.004963125555725867
1.592;-0.004842206581720632
1.593;-0.004722999564087615
1.594;-0.00460550166622653
1.595;-0.004489709847867118
1.596;-0.004375620863818597
1.597;-0.004263231263230693
1.598;-0.004152537388286248
1.599;-0.00404353537232538
1.6;-0.003936221139959173
1.601;-0.003830590405478063
1.602;-0.003726638671658122
1.603;-0.003624361228169448
1.604;-0.003523753151291942
1.605;-0.003424809302437382
1.606;-0.003327524326671494
1.607;-0.003231892652202362
1.608;-0.00313790848912987
1.609;-0.003045565827967778
1.61;-0.00295485843856369
1.611;-0.002865779869644314
1.612;-0.002778323446825937
1.613;-0.00269248227215968
1.614;-0.002608249222028292
1.615;-0.002525616947771425
1.616;-0.002444577873013998
1.617;-0.002365124192472479
1.618;-0.00228724787229595
1.619;-0.00221094064813343
1.62;-0.002136194023087512
1.621;-0.00206299926754383
1.622;-0.001991347419057377
1.623;-0.00192122927888505
1.624;-0.001852635412610937
1.625;-0.001785556148782064
1.626;-0.001719981576975727
1.627;-0.001655901547572114
1.628;-0.00159330567044691
1.629;-0.001532183313265989
1.63;-0.00147252360097383
1.631;-0.001414315414486111
1.632;-0.001357547389723379
1.633;-0.001302207916189957
1.634;-0.00124828513634867
1.635;-0.001195766943290266
1.636;-0.001144640981586065
1.637;-0.001094894644275257
1.638;-0.001046515073035437
1.639;-0.0009994891559657049
1.64;-0.0009538035277003587
1.641;-0.00090944456690778
1.642;-0.0008663983970293998
1.643;-0.0008246508829827803
1.644;-0.0007841876315026752
1.645;-0.0007449939897199442
1.646;-0.0007070550437404677
1.647;-0.000670355617906182
1.648;-0.0006348802731466208
1.649;-0.0006006133066378538
1.65;-0.0005675387500403417
1.651;-0.0005356403684189104
1.652;-0.0005049016596743172
1.653;-0.0004753058526105747
1.654;-0.0004468359068212635
1.655;-0.0004194745103021091
1.656;-0.0003932040789393909
1.657;-0.000368006756907846
1.658;-0.0003438644118958223
1.659;-0.0003207586382316663
1.66;-0.0002986707523362497
1.661;-0.0002775817938598379
1.662;-0.0002574725228399188
1.663;-0.0002383234203264806
1.664;-0.0002201146861082748
1.665;-0.0002028262371780443
1.666;-0.0001864377085283309
1.667;-0.0001709284492861229
1.668;-0.0001562775247592185
1.669;-0.0001424637121161254
1.67;-0.0001294655021482072
1.671;-0.0001172610954611741
1.672;-0.0001058284040098556
1.673;-9.514504757390796e-05
1.674;-8.518835443993567e-05
1.675;-7.593535907091109e-05
1.676;-6.736280221986135e-05
1.677;-5.94471282013842e-05
1.678;-5.216448546008223e-05
1.679;-4.549072367154849e-05
1.68;-3.940139436764412e-05
1.681;-3.387174860591813e-05
1.682;-2.88767370832943e-05
1.683;-2.439100695283969e-05
1.684;-2.038890290378959e-05
1.685;-1.684446483096735e-05
1.686;-1.373142664107263e-05
1.687;-1.102321602530765e-05
1.688;-8.692952242483898e-06
1.689;-6.713446062178718e-06
1.69;-5.057197718372208e-06
1.691;-3.696396738916974e-06
1.692;-2.602919273897442e-06
1.693;-1.748329403028492e-06
1.694;-1.103874758712209e-06
1.695;-6.404889134614677e-07
1.696;-3.287881966684836e-07
1.697;-1.390700461456618e-07
1.698;-4.13136902466249e-08
1.699;-5.178101503133803e-09
1.7;-2.913225216616411e-13
1.701;0
1.702;0
1.703;0
1.704;0
1.705;0
1.706;0
1.707;0
1.708;0
1.709;0
1.71;0
1.711;0
1.712;0
1.713;0
1.714;0
1.715;0
1.716;0
1.717;0
1.718;0
1.719;0
1.72;0
1.721;0
1.722;0
1.723;0
1.724;0
1.725;0
1.726;0
1.727;0
1.728;0
1.729;0
1.73;0
1.731;0
1.732;0
1.733;0
1.734;0
1.735;0
1.736;0
1.737;0
1.738;0
1.739;0
1.74;0
1.741;0
1.742;0
1.743;0
1.744;0
1.745;0
1.746;0
1.747;0
1.748;0
1.749;0
1.75;0
1.751;0
1.752;0
1.753;0
1.754;0
1.755;0
1.756;0
1.757;0
1.758;0
1.759;0
1.76;0
1.761;0
1.762;0
1.763;0
1.764;0
1.765;0
1.766;0
1.767;0
1.768;0
1.769;0
1.77;0
1.771;0
1.772;0
1.773;0
1.774;0
1.775;0
1.776;0
1.777;0
1.778;0
1.779;0
1.78;0
1.781;0
1.782;0
1.783;0
1.784;0
1.785;0
1.786;0
1.787;0
1.788;0
1.789;0
1.79;0
1.791;0
1.792;0
1.793;0
1.794;0
1.795;0
1.796;0
1.797;0
1.798;0
1.799;0
1.8;0
1.801;0
1.802;0
1.803;0
1.804;0
1.805;0
1.806;0
1.807;0
1.808;0
1.809;0
1.81;0
1.811;0
1.812;0
1.813;0
1.814;0
1.815;0
1.816;0
1.817;0
1.818;0
1.819;0
1.82;0
1.821;0
1.822;0
1.823;0
1.824;0
1.825;0
1.826;0
1.827;0
1.828;0
1.829;0
1.83;0
1.831;0
1.832;0
1.833;0
1.834;0
1.835;0
1.836;0
1.837;0
1.838;0
1.839;0
1.84;0
1.841;0
1.842;0
1.843;0
1.844;0
1.845;0
1.846;0
1.847;0
1.848;0
1.849;0
1.85;0
1.851;0
1.852;0
1.853;0
1.854;0
1.855;0
1.856;0
1.857;0
1.858;0
1.859;0
1.86;0
1.861;0
1.862;0
1.863;0
1.864;0
1.865;0
1.866;0
1.867;0
1.868;0
1.869;0
1.87;0
1.871;0
1.872;0
1.873;0
1.874;0
1.875;0
1.876;0
1.877;0
1.878;0
1.879;0
1.88;0
1.881;0
1.882;0
1.883;0
1.884;0
1.885;0
1.886;0
1.887;0
1.888;0
1.889;0
1.89;0
1.891;0
1.892;0
1.893;0
1.894;0
1.895;0
1.896;0
1.897;0
1.898;0
1.899;0
1.9;0
1.901;0
1.902;0
1.903;0
1.904;0
1.905;0
1.906;0
1.907;0
1.908;0
1.909;0
1.91;0
1.911;0
1.912;0
1.913;0
1.914;0
1.915;0
1.916;0
1.917;0
1.918;0
1.919;0
1.92;0
1.921;0
1.922;0
1.923;0
1.924;0
1.925;0
1.926;0
1.927;0
1.928;0
1.929;0
1.93;0
1.931;0
1.932;0
1.933;0
1.934;0
1.935;0
1.936;0
1.937;0
1.938;0
1.939;0
1.94;0
1.941;0
1.942;0
1.943;0
1.944;0
1.945;0
1.946;0
1.947;0
1.948;0
1.949;0
1.95;0
1.951;0
1.952;0
1.953;0
1.954;0
1.955;0
1.956;0
1.957;0
1.958;0
1.959;0
1.96;0
1.961;0
1.962;0
1.963;0
1.964;0
1.965;0
1.966;0
1.967;0
1.968;0
1.969;0
1.97;0
1.971;0
1.972;0
1.973;0
1.974;0
1.975;0
1.976;0
1.977;0
1.978;0
1.979;0
1.98;0
1.981;0
1.982;0
1.983;0
1.984;0
1.985;0
1.986;0
1.987;0
1.988;0
1.989;0
1.99;0
1.991;0
1.992;0
1.993;0
1.994;0
1.995;0
1.996;0
1.997;0
1.998;0
1.999;0
2;0
